sequence,n_sequences
AAACCGTTACCATTACTGAGTAGATCGGAAGAGCACACGTCTGAACTCCAGTCACGTAGAGATCTCGTATGCCGTCTTCTGCTTGAA,110252
GGCTGGTCCGATGGTAGTGGGTTATCAGAACTAGATCGGAAGAGCACACGTCTGAACTCCAGTCACGTAGAGATCTCGTATGCCGTCTTCTGCTTGAA,27898
GGCTGGTCCGATGGTAGTGGGTTATCAGAACAGATCGGAAGAGCACACGTCTGAACTCCAGTCACGTAGAGATCTCGTATGCCGTCTTCTGCTTGAA,21003
TACAGTATAGATGATGTACTAGATCGGAAGAGCACACGTCTGAACTCCAGTCACGTAGAGATCTCGTATGCCGTCTTCTGCTTGAA,19506
AAACCGTTACCATTACTGAGCAGATCGGAAGAGCACACGTCTGAACTCCAGTCACGTAGAGATCTCGTATGCCGTCTTCTGCTTGAA,15649
TATTGCACTTGTCCCGGCCTGTAGATCGGAAGAGCACACGTCTGAACTCCAGTCACGTAGAGATCTCGTATGCCGTCTTCTGCTTGAA,14467
TGAGGTAGTAGATTGTATAGTAGATCGGAAGAGCACACGTCTGAACTCCAGTCACGTAGAGATCTCGTATGCCGTCTTCTGCTTGAA,14240
TCCTGTACTGAGCTGCCCCGAGAGATCGGAAGAGCACACGTCTGAACTCCAGTCACGTAGAGATCTCGTATGCCGTCTTCTGCTTGAA,13684
TGAGGTAGTAGTTTGTGCTGTTAGATCGGAAGAGCACACGTCTGAACTCCAGTCACGTAGAGATCTCGTATGCCGTCTTCTGCTTGAA,13217
AAACCGTTACCATTACTGAGTTAGATCGGAAGAGCACACGTCTGAACTCCAGTCACGTAGAGATCTCGTATGCCGTCTTCTGCTTGAA,13009
TACAGTACTGTGATAACTGAAGAGATCGGAAGAGCACACGTCTGAACTCCAGTCACGTAGAGATCTCGTATGCCGTCTTCTGCTTGAA,12578
AAACCGTTACCATTACTGAGAGATCGGAAGAGCACACGTCTGAACTCCAGTCACGTAGAGATCTCGTATGCCGTCTTCTGCTTGAA,12245
TGAGGTAGTAGTTTGTACAGTAGATCGGAAGAGCACACGTCTGAACTCCAGTCACGTAGAGATCTCGTATGCCGTCTTCTGCTTGAA,11406
AAACCGTTACCATTACTGAGTAGATCGGAAGAGCACACGTCTGAACTCCAGTCACGTAGAGATCTCGTATGCCGTCTTCTGCTTGA,10965
GCAGCCGACTTAGAACTGGTGCGGACCAGGGGAATCCGACTGTTAGATCGGAAGAGCACACGTCTGAACTCCAGTCACGTAGAGATCTCGTATGCCGTCTTCTGCTTGAA,10817
TGAGGTAGTAGATTGTATAGTTAGATCGGAAGAGCACACGTCTGAACTCCAGTCACGTAGAGATCTCGTATGCCGTCTTCTGCTTGAA,10646
TGAGGTAGTAGTTTGTACAGTTAGATCGGAAGAGCACACGTCTGAACTCCAGTCACGTAGAGATCTCGTATGCCGTCTTCTGCTTGAA,10273
TTCAAGTAATCCAGGATAGGCTAGATCGGAAGAGCACACGTCTGAACTCCAGTCACGTAGAGATCTCGTATGCCGTCTTCTGCTTGAA,10236
AAACCGTTACCATTACTGAGTTTAGATCGGAAGAGCACACGTCTGAACTCCAGTCACGTAGAGATCTCGTATGCCGTCTTCTGCTTGAA,8401
AAGCTGCCAGTTGAAGAACTGTAGATCGGAAGAGCACACGTCTGAACTCCAGTCACGTAGAGATCTCGTATGCCGTCTTCTGCTTGAA,7661
AGCAGCATTGTACAGGGCTATGAGATCGGAAGAGCACACGTCTGAACTCCAGTCACGTAGAGATCTCGTATGCCGTCTTCTGCTTGAA,7574
CGCGACCTCAGATCAGAAGATCGGAAGAGCACACGTCTGAACTCCAGTCACGTAGAGATCTCGTATGCCGTCTTCTGCTTGAA,7210
TGAGGTAGTAGGTTGTATAGTAGATCGGAAGAGCACACGTCTGAACTCCAGTCACGTAGAGATCTCGTATGCCGTCTTCTGCTTGAA,7047
CAACGGAATCCCAAAAGCAGCTAGATCGGAAGAGCACACGTCTGAACTCCAGTCACGTAGAGATCTCGTATGCCGTCTTCTGCTTGAA,6602
TGGAGAGAAAGGCAGTTCCTGAAGATCGGAAGAGCACACGTCTGAACTCCAGTCACGTAGAGATCTCGTATGCCGTCTTCTGCTTGAA,6327
AGCAGCATTGTACAGGGCTATGAAGATCGGAAGAGCACACGTCTGAACTCCAGTCACGTAGAGATCTCGTATGCCGTCTTCTGCTTGAA,6318
CATTGCACTTGTCTCGGTCTGAAGATCGGAAGAGCACACGTCTGAACTCCAGTCACGTAGAGATCTCGTATGCCGTCTTCTGCTTGAA,6167
TAAAGTGCTTATAGTGCAGGTAGAGATCGGAAGAGCACACGTCTGAACTCCAGTCACGTAGAGATCTCGTATGCCGTCTTCTGCTTGAA,5716
TCCTGTACTGAGCTGCCCCGAGAAGATCGGAAGAGCACACGTCTGAACTCCAGTCACGTAGAGATCTCGTATGCCGTCTTCTGCTTGAA,5666
TACAGTACTGTGATAACTGAAAGATCGGAAGAGCACACGTCTGAACTCCAGTCACGTAGAGATCTCGTATGCCGTCTTCTGCTTGAA,5600